model,precision,recall,f1,accuracy,positive_rate_target,positive_rate_signal
rule_based,0.18888888888888888,0.19318181818181818,0.19101123595505617,0.5675675675675675,0.26426426426426425,0.2702702702702703
